INSERT INTO transaction_category (category_id,contents) VALUES (1,"이동"),(2,"심부름"),(3,"교육"),(4,"청소"),(5,"돌봄"),(6,"수리"),(7,"물건"),(8,"의견"),(9,"기타");
INSERT INTO branch_bank_account (branch_bank_account_id,account_name,owner,password) VALUES (1,"[햇살마을] 시작 햇살","ADMIN","admin");
INSERT INTO dong (dong_id,dong,gu_id) VALUES (1,"정릉3동",16);
INSERT INTO si (si_id, si) values (1,"서울특별시");
INSERT INTO standard (standard_id,standard,name) values (1,500,"먹구름"),(2,1500,"아기 햇님"),(3,3000,"수호 햇님");
INSERT INTO avatar (avatar_id,name,standard_id,avatar_photo_url) values (1,"CLOUD_YOUNG",1,"https://kr.object.ncloudstorage.com/k-eum/characterAsset/cloud_youth.png"),(2,"BABYSUN_YOUNG",2,"https://kr.object.ncloudstorage.com/k-eum/characterAsset/babysun_young.png"),(3,"SUN_YOUNG",3,"https://kr.object.ncloudstorage.com/k-eum/characterAsset/sun_young.png"),(4,"CLOUD_YOUTH",1,"https://kr.object.ncloudstorage.com/k-eum/characterAsset/cloud_youth.png"),(5,"BABYSUN_YOUTH",2,"https://kr.object.ncloudstorage.com/k-eum/characterAsset/babysun_youth.png"),(6,"SUN_YOUTH",3,"https://kr.object.ncloudstorage.com/k-eum/characterAsset/sun_youth.png"),(7,"CLOUD_MIDDLE",1,"https://kr.object.ncloudstorage.com/k-eum/characterAsset/cloud_middle.png"),(8,"BABYSUN_MIDDLE",3,"https://kr.object.ncloudstorage.com/k-eum/characterAsset/babysun_middle.png"),(9,"SUN_MIDDLE",3,"https://kr.object.ncloudstorage.com/k-eum/characterAsset/sun_middle.png"),(10,"CLOUD_OLD",1,"https://kr.object.ncloudstorage.com/k-eum/characterAsset/cloud_old.png"),(11,"BABAYSUN_OLD",2,"https://kr.object.ncloudstorage.com/k-eum/characterAsset/babysun_old.png"),(12,"SUN_OLD",3,"https://kr.object.ncloudstorage.com/k-eum/characterAsset/sun_old.png");
INSERT INTO gu (gu_id,gu,si_id) values (1,"강남구",1), (2,"강동구",1), (3,"강서구",1), (4,"강북구",1), (5,"관악구",1), (6,"광진구",1),(7,"구로구",1),(8,"금천구",1),(9,"노원구",1),(10,"동대문구",1),(11,"도봉구",1),(12,"동작구",1),(13,"마포구",1),(14,"서대문구",1),(15,"성동구",1),(16,"성북구",1),(17,"서초구",1),(18,"송파구",1),(19,"영등포구",1),(20,"용산구",1),(21,"양천구",1),(22,"은평구",1),(23,"종로구",1),(24,"중구",1),(25,"중랑구",1);
